<?xml version="1.0" encoding="UTF-8"?>
<!DOCTYPE mapper PUBLIC "-//mybatis.org//DTD Mapper 3.0//EN" 
"http://mybatis.org/dtd/mybatis-3-mapper.dtd">
<mapper namespace="CmmnDetailCodeManageDAO">


	<select id="selectCmmnDetailCodeList" parameterType="egovframework.let.sym.ccm.cde.service.CmmnDetailCodeVO" resultType="egovMap">
		
			SELECT  A.CODE_ID
			     ,  A.CODE
			     ,  A.CODE_NM 
			     ,  A.USE_AT
			  FROM  COMTCCMMNDETAILCODE A
			     ,  COMTCCMMNCODE       B
			 WHERE 	B.USE_AT  = 'Y'
			   AND  A.CODE_ID = B.CODE_ID
		
			<if test='searchCondition == "1" and searchKeyword !="" '>AND
				A.CODE_ID = #{searchKeyword}
			</if>
			<if test='searchCondition == "2" and searchKeyword !="" '>AND
				A.CODE    = #{searchKeyword}
			</if>
			<if test='searchCondition == "3"'>AND
				A.CODE_NM LIKE CONCAT('%', #{searchKeyword}, '%')
			</if>
			 LIMIT  #{recordCountPerPage} OFFSET #{firstIndex}
	</select>

	<select id="selectCmmnDetailCodeListTotCnt" parameterType="egovframework.let.sym.ccm.cde.service.CmmnDetailCodeVO" resultType="int">
		
			SELECT  COUNT(*) totcnt 
			  FROM  COMTCCMMNDETAILCODE A
			     ,  COMTCCMMNCODE       B
			 WHERE 	B.USE_AT  = 'Y'
			   AND  A.CODE_ID = B.CODE_ID
		
			<if test='searchCondition == "1" and searchKeyword !="" '>AND
				A.CODE_ID = #{searchKeyword}
			</if>
			<if test='searchCondition == "2" and searchKeyword !="" '>AND
				A.CODE    = #{searchKeyword}
			</if>
			<if test='searchCondition == "3"'>AND
				A.CODE_NM LIKE CONCAT('%', #{searchKeyword}, '%')
			</if>
	</select>

	<select id="selectCmmnDetailCodeDetail" parameterType="egovframework.com.cmm.service.CmmnDetailCode" resultType="egovframework.com.cmm.service.CmmnDetailCode">
		
            SELECT  A.CODE_ID    codeId
                 ,  B.CODE_ID_NM codeIdNm
                 ,  A.CODE       code
                 ,  A.CODE_NM    codeNm
                 ,  A.CODE_DC    codeDc
                 ,  A.USE_AT     useAt
                 ,  A.CODE_NO    codeNo
              FROM  COMTCCMMNDETAILCODE A
                 ,  COMTCCMMNCODE       B
             WHERE  B.USE_AT  = 'Y'
               AND  A.CODE_ID = B.CODE_ID
			   AND  A.CODE_ID = #{codeId}
			   AND  A.CODE    = #{code}
		
	</select>

	<insert id="insertCmmnDetailCode">
		
		    INSERT 
		      INTO  COMTCCMMNDETAILCODE
		         (  CODE_ID
		         ,  CODE
		         ,  CODE_NM
		         ,  CODE_DC
		         ,  USE_AT
		         ,  CODE_NO
		         ,  FRST_REGIST_DT
		         ,  FRST_REGISTER_ID
		         ,  LAST_UPDT_DT
		         ,  LAST_UPDUSR_ID
		         ) 
		    VALUES  
		         (  #{codeId}
		         ,  #{code}
		         ,  #{codeNm}
		         ,  #{codeDc}
		         ,  #{useAt}
		         ,  #{codeNo}
		         ,  sysdate()
		         ,  #{frstRegisterId}
		         ,  sysdate()
		         ,  #{frstRegisterId}
		         ) 
		
	</insert>

	<update id="updateCmmnDetailCode">
		
            UPDATE  COMTCCMMNDETAILCODE 
               SET  CODE_NM           = #{codeNm}
                 ,  CODE_DC           = #{codeDc}
                 ,  USE_AT            = #{useAt}
                 ,  CODE_NO           = #{codeNo}
                 ,  LAST_UPDT_DT = sysdate()
                 ,  LAST_UPDUSR_ID    = #{lastUpdusrId}
             WHERE  CODE_ID   = #{codeId} 
               AND  CODE      = #{code}
		
	</update>

	<delete id="deleteCmmnDetailCode">
		
            UPDATE  COMTCCMMNDETAILCODE 
               SET  USE_AT    = 'N'
             WHERE  CODE_ID   = #{codeId} 
               AND  CODE      = #{code}
		
	</delete>

</mapper>