<?xml version="1.0" encoding="UTF-8"?>
<!DOCTYPE mapper PUBLIC "-//mybatis.org//DTD Mapper 3.0//EN" 
"http://mybatis.org/dtd/mybatis-3-mapper.dtd">
<mapper namespace="KwScheduleDAO">

	<select id="scheduleList" resultType="Map">
					
	SELECT 
		SCHDUL_ID schdulId,
		SCHDUL_SJ schdulSj,
		SCHDUL_CN schdulCn, 
		SCHDUL_BGNDT schdulBgnDt,
		if(ALLDAY ="true",DATE_ADD(SCHDUL_ENDDT, INTERVAL 1 DAY),SCHDUL_ENDDT ) schdulEndDt,
		SCHDUL_FREQ_BGNDT schdulFreqBgnDt,
		SCHDUL_FREQ_SN schdulFreqSn,
		ALLDAY allDay,
		SCHDUL_CLR schdulClr,
		SCHDUL_ADMIN_NM schdulAdminNm,
		IF (SCHDUL_CHARGER_NM='group',"그룹",SCHDUL_CHARGER_NM) schdulChargerNm,
		A.CL_CODE clCode,
		A.CL_CODE_ID clCodeId,
		B.CL_CODE_NM clCodeNm,
		C.CL_CODE_ID_NM clCodeIdNm,
		SCHDUL_FREQ schdulFreq,
		SCHDUL_INTERVAL schdulInterval
	FROM (
		SELECT 
				SCHDUL_ID ,
				SCHDUL_SJ ,
				SCHDUL_CN , 
				SCHDUL_BGNDT ,
				SCHDUL_ENDDT ,
				"" SCHDUL_FREQ_BGNDT,
				"" SCHDUL_FREQ_SN,
				ALLDAY ,
				SCHDUL_CLR ,
				SCHDUL_ADMIN_NM ,
				SCHDUL_CHARGER_NM  ,
				A.CL_CODE ,
				A.CL_CODE_ID ,
				SCHDUL_FREQ ,
				SCHDUL_INTERVAL 
		FROM SCHEDULEMANAGE A		
		WHERE 1=1
		<![CDATA[
		 AND 
		 (
		 	( SCHDUL_BGNDT > DATE_ADD(#{schdulBgnDt}, INTERVAL -1 DAY)
		 		AND SCHDUL_BGNDT <  DATE_ADD(#{schdulEndDt}, INTERVAL 1 DAY) )
		 	OR (SCHDUL_ENDDT > DATE_ADD(#{schdulBgnDt}, INTERVAL -1 DAY)
		 		AND SCHDUL_ENDDT <  DATE_ADD(#{schdulEndDt}, INTERVAL 1 DAY) )		 	
		 )
		]]>
		<if test="clCode != null and clCode != '' and clCode !='ALL' ">
			AND (A.CL_CODE = #{clCode} OR A.CL_CODE='ALL')
		</if>
		<if test="clCodeId != null and clCodeId != ''">
			AND (A.CL_CODE_ID = #{clCodeId} OR nullif(A.CL_CODE_ID, '') IS NULL)
		</if>
		AND nullif(SCHDUL_FREQ, '') IS NULL
		
		UNION ALL
		SELECT 
				A.SCHDUL_ID ,
				SCHDUL_SJ ,
				SCHDUL_CN , 
				SCHDUL_BGNDT ,
				SCHDUL_ENDDT ,
				SCHDUL_FREQ_BGNDT,
				SCHDUL_FREQ_SN,
				ALLDAY ,
				SCHDUL_CLR ,
				SCHDUL_ADMIN_NM ,
				SCHDUL_CHARGER_NM  ,
				A.CL_CODE ,
				A.CL_CODE_ID ,
				SCHDUL_FREQ ,
				SCHDUL_INTERVAL
		FROM SCHEDULEMANAGE A, SCHEDULEFREQINFO B 		
		WHERE A.SCHDUL_ID = B.SCHDUL_ID
		<![CDATA[
		AND SCHDUL_FREQ_BGNDT > DATE_ADD(#{schdulBgnDt}, INTERVAL -1 DAY)
		AND SCHDUL_FREQ_BGNDT < DATE_ADD(#{schdulEndDt}, INTERVAL 1 DAY)
		]]>		
		<if test="clCode != null and clCode != '' and clCode !='ALL' ">
			AND (A.CL_CODE = #{clCode} OR A.CL_CODE='ALL')
		</if>
		<if test="clCodeId != null and clCodeId != ''">
			AND (A.CL_CODE_ID = #{clCodeId} OR nullif(A.CL_CODE_ID, '') IS NULL)
		</if>
	) A
	LEFT OUTER JOIN 
	(SELECT CL_CODE,CL_CODE_NM FROM 
			COMTCCMMNCLCODE ) B
	ON A.CL_CODE = B.CL_CODE
	LEFT OUTER JOIN 
	(SELECT CL_CODE, CL_CODE_ID, CL_CODE_ID_NM FROM 
		COMTCCMMNDETAILCLCODE ) C
	ON A.CL_CODE = C.CL_CODE
	and A.CL_CODE_ID = C.CL_CODE_ID
	</select>
	
	
	<select id="selectSchdule" resultType="egovframework.let.skd.service.Schedule">
        
            SELECT 
				SCHDUL_ID schdulId,
				SCHDUL_SJ schdulSj,
				SCHDUL_CN schdulCn, 
				SCHDUL_BGNDT schdulBgnDt,
				SCHDUL_ENDDT schdulEndDt,
				ALLDAY allDay,
				SCHDUL_CLR schdulClr,
				DATE_FORMAT(SENDDT, '%Y-%m-%d %H:%i') sendDt,
				SEND_SE sendSe,
				CL_CODE clCode,
				CL_CODE_ID clCodeId,
				SCHDUL_ADMIN_NM schdulAdminNm,
				SCHDUL_ADMIN_TELNO schdulAdminTelNo,
				SCHDUL_CHARGER_NM schdulChargerNm,
				SCHDUL_CHARGER_TELNO schdulChargerTelNo,
				SCHDUL_FREQ schdulFreq,
				SCHDUL_INTERVAL schdulInterval
		FROM SCHEDULEMANAGE
            WHERE SCHDUL_ID=#{schduleId}
        
    </select>
    
    <insert id="scheduleInsert" useGeneratedKeys="true" keyProperty="schdulId">
		
		    INSERT 
		      INTO  SCHEDULEMANAGE
		         (  
					SCHDUL_SJ,
					SCHDUL_CN,
					SCHDUL_BGNDT,
					SCHDUL_ENDDT,
					ALLDAY,
					SCHDUL_CLR,
					SENDDT,
					SEND_SE,
					CL_CODE,
					CL_CODE_ID,
					SCHDUL_ADMIN_NM,
					SCHDUL_ADMIN_TELNO,
					SCHDUL_CHARGER_NM,
					SCHDUL_CHARGER_TELNO,
					SCHDUL_FREQ,
				    SCHDUL_INTERVAL,
					FRST_REGIST_DT,
					FRST_REGISTER_ID,
					LAST_UPDT_DT,
					LAST_UPDUSR_ID
		         ) 
		    VALUES  
		         (  #{schdulSj}
		         ,  #{schdulCn}
		         ,  #{schdulBgnDt}
				 , #{schdulEndDt}
		         ,  #{allDay}
		         ,  #{schdulClr}
		         <choose>
					<when test="sendSe == 'day' ">
						, CONCAT(DATE_ADD(#{schdulBgnDt}, INTERVAL -1 DAY),' 08:30')
					</when>
					<when test="sendSe == 'wek' ">
						, CONCAT(DATE_ADD(#{schdulBgnDt}, INTERVAL -7 DAY),' 08:30')
					</when>
					<when test="sendSe == 'mon' ">
						, CONCAT(DATE_ADD(#{schdulBgnDt}, INTERVAL -1 MONTH),' 08:30')
					</when>
					<otherwise>
						, #{sendDt}
					</otherwise>
				</choose>
		         ,  #{sendSe}
		         ,  #{clCode}
		         ,  #{clCodeId}
		         ,  #{schdulAdminNm}
		         ,  #{schdulAdminTelNo}
		         ,  #{schdulChargerNm}
		         ,  #{schdulChargerTelNo}
		         ,  #{schdulFreq}
				 ,  #{schdulInterval}
		         ,  sysdate()
		         ,  #{frstRegisterId}
		         ,  sysdate()
		         ,  #{frstRegisterId}
		         ) 
		
	</insert>
	
	<update id="scheduleUpdate">
		
            UPDATE  SCHEDULEMANAGE 
               SET  SCHDUL_SJ = #{schdulSj} ,
					SCHDUL_CN = #{schdulCn} ,
					SCHDUL_BGNDT = #{schdulBgnDt} ,
					SCHDUL_ENDDT = #{schdulEndDt} ,
					ALLDAY = #{allDay} ,
					SCHDUL_CLR = #{schdulClr} ,
					<if test='checkYn == true '>
						<choose>
						<when test="sendSe == 'day' ">
							SENDDT = CONCAT(DATE_ADD(#{schdulBgnDt}, INTERVAL -1 DAY),' 08:30'),
						</when>
						<when test="sendSe == 'wek' ">
							SENDDT = CONCAT(DATE_ADD(#{schdulBgnDt}, INTERVAL -7 DAY),' 08:30'),
						</when>
						<when test="sendSe == 'mon' ">
							SENDDT = CONCAT(DATE_ADD(#{schdulBgnDt}, INTERVAL -1 MONTH),' 08:30'),
						</when>
						<otherwise>
							SENDDT = #{sendDt} ,
						</otherwise>
					</choose>
						SEND_SE = #{sendSe} ,
					</if>
					CL_CODE = #{clCode} ,
					CL_CODE_ID = #{clCodeId} ,
					SCHDUL_ADMIN_NM = #{schdulAdminNm} ,
					SCHDUL_ADMIN_TELNO = #{schdulAdminTelNo} ,
					SCHDUL_CHARGER_NM = #{schdulChargerNm} ,
					SCHDUL_CHARGER_TELNO = #{schdulChargerTelNo} ,
					SCHDUL_FREQ = #{schdulFreq} ,
					SCHDUL_INTERVAL = #{schdulInterval} ,
					LAST_UPDT_DT = sysdate() ,
					LAST_UPDUSR_ID = #{lastUpdusrId} 
				WHERE 
					SCHDUL_ID = #{schdulId} 
		
	</update>
	
	<delete id="scheduleRemove">
		
            DELETE FROM SCHEDULEMANAGE
			WHERE
				SCHDUL_ID = #{schdulId} 	
		
	</delete>
	
	<select id="scheduleList_S" parameterType="egovframework.let.skd.service.ScheduleDefaultVO" resultType="egovMap">
		SELECT 
		    id, title, schdulBgnDt , schdulEndDt, clCode, clCodeId, clCodeNm, clCodeIdNm, schdulAdminNm, schdulChargerNm
		FROM(
		    SELECT 
				SCHDUL_ID id,
				SCHDUL_SJ title,
				SCHDUL_BGNDT schdulBgnDt,
				SCHDUL_ENDDT schdulEndDt,
				A.CL_CODE clCode,
				A.CL_CODE_ID clCodeId,
				B.CL_CODE_NM clCodeNm,
				C.CL_CODE_ID_NM clCodeIdNm,
				CASE WHEN CHAR_LENGTH(SCHDUL_ADMIN_NM) > 2 THEN 
			        CONCAT(
			            SUBSTRING(SCHDUL_ADMIN_NM, 1, 1)
			            ,LPAD('*', CHAR_LENGTH(SCHDUL_ADMIN_NM) - 2, '*')
			            ,SUBSTRING(SCHDUL_ADMIN_NM, CHAR_LENGTH(SCHDUL_ADMIN_NM), CHAR_LENGTH(SCHDUL_ADMIN_NM))
			        )
			        ELSE CONCAT(
			            SUBSTRING(SCHDUL_ADMIN_NM, 1, 1)
			            ,LPAD('*', CHAR_LENGTH(SCHDUL_ADMIN_NM) - 1, '*')
			        )
			    END AS schdulAdminNm,
				CASE WHEN SCHDUL_CHARGER_NM = 'group' THEN "그룹"
					WHEN CHAR_LENGTH(SCHDUL_CHARGER_NM) > 2 THEN 
			        CONCAT(
			            SUBSTRING(SCHDUL_CHARGER_NM, 1, 1)
			            ,LPAD('*', CHAR_LENGTH(SCHDUL_CHARGER_NM) - 2, '*')
			            ,SUBSTRING(SCHDUL_CHARGER_NM, CHAR_LENGTH(SCHDUL_CHARGER_NM), CHAR_LENGTH(SCHDUL_CHARGER_NM))
			        )
			        ELSE CONCAT(
			            SUBSTRING(SCHDUL_CHARGER_NM, 1, 1)
			            ,LPAD('*', CHAR_LENGTH(SCHDUL_CHARGER_NM) - 1, '*')
			        )
			    END AS schdulChargerNm,
				FRST_REGIST_DT frstRegistDt
			FROM SCHEDULEMANAGE A 
			LEFT OUTER JOIN 
			(SELECT CL_CODE,CL_CODE_NM FROM 
					COMTCCMMNCLCODE ) B
			ON A.CL_CODE = B.CL_CODE
			LEFT OUTER JOIN 
			(SELECT CL_CODE, CL_CODE_ID, CL_CODE_ID_NM FROM 
				COMTCCMMNDETAILCLCODE ) C
			ON A.CL_CODE = C.CL_CODE
			AND A.CL_CODE_ID = C.CL_CODE_ID
			
			 WHERE 1=1
	      	<if test="schCondition != 'ALL' ">
				AND A.CL_CODE =  #{schCondition}
			</if>
	        <if test='searchCondition == "0" and searchKeyword !="" '>
	            AND SCHDUL_ADMIN_NM LIKE CONCAT(#{searchKeyword} '%')
	        </if>
	        <if test='searchCondition == "1" and searchKeyword !="" '>
	            AND SCHDUL_CHARGER_NM LIKE CONCAT(#{searchKeyword} '%')
	        </if>
	         <if test='searchCondition == "2" and searchKeyword !="" '>
	            AND SCHDUL_SJ LIKE CONCAT(#{searchKeyword} '%')
	        </if>
       		 ORDER BY FRST_REGIST_DT DESC
	    ) A
        LIMIT #{recordCountPerPage} OFFSET #{firstIndex}
    </select>
    
    <select id="scheduleListTotCnt_S" parameterType="egovframework.let.skd.service.ScheduleDefaultVO" resultType="int">
            SELECT COUNT(1) totcnt
            FROM(
             SELECT 
				SCHDUL_ID id,
				SCHDUL_SJ title,
				SCHDUL_BGNDT schdulBgnDt,
				SCHDUL_ENDDT schdulEndDt,
				CL_CODE clCode,
				CL_CODE_ID clCodeId,
				SCHDUL_ADMIN_NM schdulAdminNm,
				SCHDUL_CHARGER_NM schdulChargerNm
			FROM SCHEDULEMANAGE 
            ) A
        WHERE 1=1
		<if test="schCondition != 'ALL' ">
			AND clCode =  #{schCondition}
		</if>
        <if test='searchCondition == "0" and searchKeyword !="" '>
            AND schdulAdminNm LIKE CONCAT(#{searchKeyword} '%')
        </if>
        <if test='searchCondition == "1" and searchKeyword !="" '>
            AND schdulChargerNm LIKE CONCAT(#{searchKeyword} '%')
        </if>
         <if test='searchCondition == "2" and searchKeyword !="" '>
            AND title LIKE CONCAT(#{searchKeyword} '%')
        </if>
    </select>
    
     <insert id="scheduleSmsInsert" useGeneratedKeys="true" keyProperty="smsId">
     		INSERT 
		      INTO  SMSINFO
		         (  
					USERCODE,
					REQNAME,
					REQPHONE,
					CALLNAME,
					CALLPHONE,
					SUBJECT,
					MSG,
					REQTIME,
					RESULT,
					KIND,
					SEND_PROG_MOD,
					RECV_ID,
					FKCONTENT,
					FRST_REGIST_DT,
					FRST_REGISTER_ID
		         ) 
		    VALUES  
		         (  #{userCode}
		         ,  #{reqName}
		         ,  #{reqPhone}
		         ,  #{callName}
		         ,  #{callPhone}
		         ,  #{subject}
		         ,  #{msg}
		         <choose>
					<when test="sendSe == 'day' ">
						, DATE_FORMAT(DATE_ADD(#{reqTime}, INTERVAL -1 DAY), '%Y%m%d%H%i%s')
					</when>
					<when test="sendSe == 'wek' ">
						, DATE_FORMAT(DATE_ADD(#{reqTime}, INTERVAL -7 DAY), '%Y%m%d%H%i%s')
					</when>
					<when test="sendSe == 'mon' ">
						, DATE_FORMAT(DATE_ADD(#{reqTime}, INTERVAL -1 MONTH), '%Y%m%d%H%i%s')
					</when>
					<otherwise>
						, DATE_FORMAT(#{reqTime}, '%Y%m%d%H%i%s')
					</otherwise>
				</choose>
		         ,  #{result}
		         ,  #{kind}
		         ,  #{sendProgMod}
		         ,  #{recvId}
		         ,  #{fkContent}
		         ,  sysdate()
		         ,  #{frstRegisterId}
		         ) 
     	
     </insert>
     
     <insert id="insertSchdulHistory" >
        
            INSERT INTO SCHEDULEMANAGEHIST 
                (   SCHDUL_ID,
					CHANGE_DT,
					SCHDUL_SJ,
					SCHDUL_CN,
					SCHDUL_BGNDT,
					SCHDUL_ENDDT,
					ALLDAY,
					SCHDUL_CLR,
					SEND_SE,
					SENDDT,
					CL_CODE,
					CL_CODE_ID,
					SCHDUL_ADMIN_NM,
					SCHDUL_ADMIN_TELNO,
					SCHDUL_CHARGER_NM,
					SCHDUL_CHARGER_TELNO,
					SCHDUL_FREQ,
				    SCHDUL_INTERVAL,
					FRST_REGIST_DT,
					FRST_REGISTER_ID,
					LAST_UPDT_DT,
					LAST_UPDUSR_ID)
            SELECT 
                    SCHDUL_ID,
					sysdate(),
					SCHDUL_SJ,
					SCHDUL_CN,
					SCHDUL_BGNDT,
					SCHDUL_ENDDT,
					ALLDAY,
					SCHDUL_CLR,
					SEND_SE,
					SENDDT,
					CL_CODE,
					CL_CODE_ID,
					SCHDUL_ADMIN_NM,
					SCHDUL_ADMIN_TELNO,
					SCHDUL_CHARGER_NM,
					SCHDUL_CHARGER_TELNO,
					SCHDUL_FREQ,
				    SCHDUL_INTERVAL,
					FRST_REGIST_DT,
					FRST_REGISTER_ID,
					sysdate(),
					#{lastUpdusrId}
            FROM SCHEDULEMANAGE
            WHERE SCHDUL_ID = #{schdulId}
        
    </insert>

	<delete id="smsRemove">
		
            DELETE FROM SMSINFO
			WHERE
				SMS_ID IN  
				(	SELECT 
                    	SMS_ID
					FROM SCHEDULESMSINFO
            		WHERE SCHDUL_ID = #{schdulId}
            		AND SENDDT IS NOT NULL
            		<if test="schdulFreqSn != null and schdulFreqSn != ''">
						AND SCHDUL_FREQ_SN = #{schdulFreqSn}
					</if>
            		<![CDATA[
            			AND SENDDT > SYSDATE()
            		]]>
            		)
		
	</delete>
	
	 <insert id="scheduleSmsIdInsert">
		
		    INSERT 
		      INTO  SCHEDULESMSINFO
		         (  
					SCHDUL_ID,
					SMS_ID,
					SENDDT,
					SEND_TRPR,
					SCHDUL_FREQ_SN,
					FRST_REGIST_DT,
					FRST_REGISTER_ID
		         ) 
		    VALUES  
		         (  #{schdulId}
		         ,  #{schdulSmsId}
		        <choose>
					<when test="sendSe == 'day' ">
						, DATE_ADD(#{sendDt}, INTERVAL -1 DAY)
					</when>
					<when test="sendSe == 'wek' ">
						, DATE_ADD(#{sendDt}, INTERVAL -7 DAY)
					</when>
					<when test="sendSe == 'mon' ">
						, DATE_ADD(#{sendDt}, INTERVAL -1 MONTH)
					</when>
					<otherwise>
						, #{sendDt}
					</otherwise>
				</choose>
				 ,  #{sendTrpr}
				 ,  #{schdulFreqSn}
		         ,  sysdate()
		         ,  #{frstRegisterId}
		         ) 
		
	</insert>
	
	<delete id="scheduleSmsIdRemove">
		
            DELETE FROM SCHEDULESMSINFO
			WHERE
				SCHDUL_ID = #{schdulId}
				<if test="schdulFreqSn != null and schdulFreqSn != ''">
					AND SCHDUL_FREQ_SN = #{schdulFreqSn}
				</if>
		
	</delete>
	
	<select id="selectSmsList" parameterType="egovframework.let.skd.service.ScheduleDefaultVO" resultType="egovMap">
		
		SELECT 
			SCHDUL_ID id,
			DATE_FORMAT(SENDDT, '%Y-%m-%d %H:%i') sendDt,
			CASE WHEN CHAR_LENGTH(SEND_TRPR) > 2 THEN 
		        CONCAT(
		            SUBSTRING(SEND_TRPR, 1, 1)
		            ,LPAD('*', CHAR_LENGTH(SEND_TRPR) - 2, '*')
		            ,SUBSTRING(SEND_TRPR, CHAR_LENGTH(SEND_TRPR), CHAR_LENGTH(SEND_TRPR))
		        )
		        ELSE CONCAT(
		            SUBSTRING(SEND_TRPR, 1, 1)
		            ,LPAD('*', CHAR_LENGTH(SEND_TRPR) - 1, '*')
		        )
		    END AS sendTrpr
		FROM SCHEDULESMSINFO	   
        WHERE 1=1
           AND SCHDUL_ID =  #{searchKeyword}
           ORDER BY SENDDT DESC
        LIMIT #{recordCountPerPage} OFFSET #{firstIndex}
    </select>
    
    <select id="selectSmsListTotCnt" parameterType="egovframework.let.skd.service.ScheduleDefaultVO" resultType="int">
        SELECT COUNT(1) totcnt
        FROM SCHEDULESMSINFO	
        WHERE 1=1
            AND SCHDUL_ID =  #{searchKeyword}
    </select>
    
    <select id="groupList" resultType="Map">
		SELECT 
				USER_NM userNm,
				USER_TELNO userTelno
		FROM USERINFO A
		WHERE 1=1
		AND nullif(A.USER_TELNO, '') IS not NULL
		AND USER_ID != 'admin'
		<if test="clCode != null and clCode != '' and clCode !='ALL' ">
			AND (A.CL_CODE = #{clCode} OR A.CL_CODE='ALL')
		</if>
		<if test="clCodeId != null and clCodeId != ''">
			AND A.CL_CODE_ID = #{clCodeId}
		</if>
	</select>
	
	<insert id="scheduleFreqInsert">
		    INSERT 
		      INTO  SCHEDULEFREQINFO
		         (  
					SCHDUL_ID,
					SCHDUL_FREQ_SN,
					SCHDUL_FREQ_BGNDT,
					FRST_REGIST_DT,
					FRST_REGISTER_ID,
					LAST_UPDT_DT,
					LAST_UPDUSR_ID
		         ) 
		    VALUES  
		         (  #{schdulId}
		         ,  #{schdulFreqSn}
				 ,  #{schdulFreqBgnDt}
		         ,  sysdate()
		         ,  #{frstRegisterId}
		         ,  sysdate()
		         ,  #{frstRegisterId}
		         ) 
	</insert>
	<delete id="scheduleFreqRemove">
		
            DELETE FROM SCHEDULEFREQINFO
			WHERE
				SCHDUL_ID = #{schdulId}
				<if test="schdulFreqSn != null and schdulFreqSn != ''">
					AND SCHDUL_FREQ_SN = #{schdulFreqSn}
				</if>
		
	</delete>
	<update id="scheduleFreqUpdate">
		
            UPDATE  SCHEDULEFREQINFO 
               SET  SCHDUL_FREQ_BGNDT = #{schdulFreqBgnDt} ,
					LAST_UPDT_DT = sysdate() ,
					LAST_UPDUSR_ID = #{lastUpdusrId} 
				WHERE 
					SCHDUL_ID = #{schdulId}
				AND SCHDUL_FREQ_SN = #{schdulFreqSn} 
		
	</update>
	
	<select id="selectFreqList" parameterType="egovframework.let.skd.service.ScheduleDefaultVO" resultType="egovMap">
		
		SELECT 
			SCHDUL_ID id,
			SCHDUL_FREQ_SN freqSn,
			DATE_FORMAT(SCHDUL_FREQ_BGNDT, '%Y-%m-%d %H:%i') sendDt,
			if(SCHDUL_FREQ_BGNDT > sysdate(), '예정','종료') bigo
		FROM SCHEDULEFREQINFO	   
        WHERE 1=1
           AND SCHDUL_ID =  #{searchKeyword}
           ORDER BY SCHDUL_FREQ_BGNDT ASC
        LIMIT #{recordCountPerPage} OFFSET #{firstIndex}
    </select>
    
    <select id="selectFreqListTotCnt" parameterType="egovframework.let.skd.service.ScheduleDefaultVO" resultType="int">
        SELECT COUNT(1) totcnt
        FROM SCHEDULEFREQINFO	
        WHERE 1=1
            AND SCHDUL_ID =  #{searchKeyword}
    </select>
    
    
	<insert id="holidayInsert">
		    INSERT 
		      INTO  HOLIDAYINFO
		         (  
					HOLIDAY_DT,
					HOLIDAY_NM,
					HOLIDAY_YN,
					FRST_REGIST_DT,
					FRST_REGISTER_ID,
					LAST_UPDT_DT,
					LAST_UPDUSR_ID
		         ) 
		    VALUES  
		         (  #{holidayDate}
				 ,  #{holidayName}
				 ,  #{isHoliday}
		         ,  sysdate()
		         ,  #{frstRegisterId}
		         ,  sysdate()
		         ,  #{frstRegisterId}
		         ) 
	</insert>
	
	<select id="holidayList" resultType="Map">
	SELECT 
		HOLIDAY_DT holidayDt,
		HOLIDAY_NM holidayNm,
		HOLIDAY_YN isHoliday
	FROM HOLIDAYINFO
	WHERE 1=1		
	<![CDATA[
		AND HOLIDAY_DT > DATE_ADD(#{schdulBgnDt}, INTERVAL -1 DAY)
		AND HOLIDAY_DT < DATE_ADD(#{schdulEndDt}, INTERVAL 1 DAY)
	]]>		
	</select>
	
	<delete id="holidayDelete">
		
            DELETE FROM HOLIDAYINFO;
		
	</delete>
	
	 <select id="holidayCnt" resultType="int">
        SELECT COUNT(1) totcnt
        FROM HOLIDAYINFO	
        WHERE 1=1
            AND HOLIDAY_DT > sysdate() 
    </select>
</mapper>