<?xml version="1.0" encoding="UTF-8"?>
<!DOCTYPE form-validation PUBLIC 
    "-//Apache Software Foundation//DTD Commons Validator Rules Configuration 1.1//EN" 
    "http://jakarta.apache.org/commons/dtds/validator_1_1.dtd">

<form-validation>

    <formset>

        <form name="userManageVO"> 
        
            <field property="userId" depends="required, maxlength">
                <arg0 key="사용자아이디" resource="false"/>
                <arg1 key="20" resource="false"/>
                <var>
                <var-name>maxlength</var-name>
                <var-value>20</var-value>
                </var>
            </field>
            
            <field property="password" depends="required, password1 ">
                <arg0 key="비밀번호" resource="false"/>
            </field>
            
            <field property="userNm" depends="required, maxlength">
                <arg0 key="사용자이름" resource="false"/>
                <arg1 key="50" resource="false"/>
                <var>
                <var-name>maxlength</var-name>
                <var-value>50</var-value>
                </var>
            </field>
            
            <field property="moblphonNo" depends="required, maxlength, number">
                <arg0 key="핸드폰번호" resource="false"/>
                <arg1 key="11" resource="false"/>
                <var>
                <var-name>maxlength</var-name>
                <var-value>11</var-value>
                </var>
            </field>
            
            <field property="userEmail" depends="email">
                <arg0 key="이메일주소" resource="false"/>
            </field>
            
            <field property="clCode" depends="required">
                <arg0 key="작업그룹" resource="false"/>
            </field>
            
            <field property="userSe" depends="required">
                <arg0 key="사용자유형" resource="false"/>
            </field>
            
        </form>
        
    </formset>

</form-validation>