<?xml version="1.0" encoding="UTF-8"?>
<!DOCTYPE mapper PUBLIC "-//mybatis.org//DTD Mapper 3.0//EN" 
"http://mybatis.org/dtd/mybatis-3-mapper.dtd">
<mapper namespace="userManageDAO">


    <select id="selectUserList_S" parameterType="egovframework.let.uss.umt.service.UserDefaultVO" resultType="egovMap">
		SELECT 
		    userId, userNm, userSe, clCode, lastLogDt, sbscrbDe
		FROM(
		     SELECT
		         USER_ID             userId,
		         CASE WHEN CHAR_LENGTH(USER_NM) > 2 THEN 
			        CONCAT(
			            SUBSTRING(USER_NM, 1, 1)
			            ,LPAD('*', CHAR_LENGTH(USER_NM) - 2, '*')
			            ,SUBSTRING(USER_NM, CHAR_LENGTH(USER_NM), CHAR_LENGTH(USER_NM))
			        )
			        ELSE CONCAT(
			            SUBSTRING(USER_NM, 1, 1)
			            ,LPAD('*', CHAR_LENGTH(USER_NM) - 1, '*')
			        )
			     END AS userNm,
		         USER_SE             userSe,
		         CL_CODE             clCode,
		         DATE_FORMAT(LAST_LOG_DT, '%Y-%m-%d') as lastLogDt,
		         DATE_FORMAT(SBSCRB_DE, '%Y-%m-%d') as sbscrbDe
	     FROM  USERINFO
	     WHERE 1=1
         AND USER_NM != 'DELETE'
      <if test='searchCondition == "0" and searchKeyword !="" '>
            AND USER_ID = #{searchKeyword}
        </if>
        <if test='searchCondition == "1" and searchKeyword !=""'>
            AND USER_NM LIKE CONCAT(#{searchKeyword}, '%')
        </if>
    ) A
        ORDER BY sbscrbDe DESC
        LIMIT #{recordCountPerPage} OFFSET #{firstIndex}
    </select>
    
    <select id="selectUserListTotCnt_S" parameterType="egovframework.let.uss.umt.service.UserDefaultVO" resultType="int">
            SELECT COUNT(1) totcnt
            FROM(
            SELECT
                USER_ID             userId,
                USER_NM             userNm,
                USER_SE             userSe,
                CL_CODE             clCode,
                DATE_FORMAT(LAST_LOG_DT, '%Y-%m-%d') as lastLogDt,
         		DATE_FORMAT(SBSCRB_DE, '%Y-%m-%d') as sbscrbDe
            FROM  USERINFO
            WHERE 1=1
      		 AND USER_NM != 'DELETE'
      		 <if test='searchCondition == "0" and searchKeyword !="" '>
                AND USER_ID = #{searchKeyword}
            </if>
            <if test='searchCondition == "1" and searchKeyword !="" '>
                AND USER_NM LIKE CONCAT(#{searchKeyword}, '%')
            </if>
            ) A
    </select>
    
    <insert id="insertUser_S">
        
            INSERT INTO USERINFO 
                (   USER_ID,
					PASSWORD,
					USER_NM,
					USER_SE,
					USER_TELNO,
					USER_EMAIL,
					CL_CODE,
					CL_CODE_ID,
					LOCK_CNT,
					SBSCRB_DE,
					FRST_REGIST_DT,
					FRST_REGISTER_ID,
					LAST_UPDT_DT,
					LAST_UPDUSR_ID       )
            VALUES (
                    #{userId}           ,
                    #{password}         ,
                    #{userNm}           ,
                    #{userSe}           ,
                    #{moblphonNo}       ,
                    #{userEmail}        ,                   
                    #{clCode}           ,
                    #{clCodeId}         ,
                    '0'                 ,
                    sysdate()           ,
                    sysdate()           ,
                    #{frstRegisterId}   ,
                    sysdate()           ,
                    #{frstRegisterId}       )
        
    </insert>
    
    <delete id="deleteUser_S">
        
            <!-- DELETE FROM LETTNEMPLYRINFO 
            WHERE ESNTL_ID=#{delId} -->
           UPDATE USERINFO 
            SET 
            	PASSWORD          = ''   ,
                USER_NM           = 'DELETE'   ,
                USER_SE           = null   ,
                USER_TELNO        = null   ,
                USER_EMAIL        = null   ,
                CL_CODE           = null   ,
                CL_CODE_ID        = null   ,
                USER_DEL_DT       = sysdate(),
                LAST_UPDT_DT      = sysdate(),
				LAST_UPDUSR_ID    = #{lastUpdusrId}
            WHERE USER_ID=#{userId}
        
    </delete>
    
    <select id="selectUser_S" resultType="egovframework.let.uss.umt.service.UserManageVO">
        
             SELECT
			    	USER_ID userId,
					PASSWORD password,
					USER_NM userNm,
					USER_SE userSe,
					D.CODE_NM userSeNm,
					USER_TELNO moblphonNo,
					USER_EMAIL userEmail,
					A.CL_CODE clCode,
					B.CL_CODE_NM clCodeNm,
					A.CL_CODE_ID clCodeId,
					C.CL_CODE_ID_NM clCodeIdNm,
					LOCK_CNT lockCnt,
					DATE_FORMAT(LAST_LOG_DT, '%Y-%m-%d') as lastLogDt,
					DATE_FORMAT(SBSCRB_DE, '%Y-%m-%d') as sbscrbDe
			FROM USERINFO A
			LEFT OUTER JOIN 
				(SELECT CL_CODE,CL_CODE_NM FROM 
					COMTCCMMNCLCODE WHERE USE_AT='Y') B
				ON A.CL_CODE = B.CL_CODE
			LEFT OUTER JOIN 
				(SELECT CL_CODE, CL_CODE_ID, CL_CODE_ID_NM FROM 
					COMTCCMMNDETAILCLCODE WHERE USE_AT='Y') C
				ON A.CL_CODE = C.CL_CODE
				and A.CL_CODE_ID = C.CL_CODE_ID
			LEFT OUTER JOIN 
				(SELECT CODE_ID, CODE, CODE_NM, CODE_DC FROM 
					COMTCCMMNDETAILCODE WHERE USE_AT='Y') D
				ON  A.USER_SE = D.CODE
   				and D.CODE_ID ='CM0001'
            WHERE A.USER_ID=#{userId}
        
    </select>
    
    <update id="updateUser_S">
        
            UPDATE USERINFO 
            SET 
                USER_NM           = #{userNm}        ,
                <if test="password != null and password != ''">
               		PASSWORD           = #{password}          ,
                </if>
                USER_SE           = #{userSe}          ,
                USER_TELNO        = #{moblphonNo}         ,
                USER_EMAIL        = #{userEmail}     ,
                CL_CODE           = #{clCode}            ,
                CL_CODE_ID        = #{clCodeId}          ,
                LAST_UPDT_DT      = sysdate(),
				LAST_UPDUSR_ID    = #{lastUpdusrId}
            WHERE USER_ID=#{userId}
        
    </update>
    
    <insert id="insertUserHistory_S">
        
            INSERT INTO LETTHEMPLYRINFOCHANGEDTLS 
                (   EMPLYR_ID           ,
                    EMPL_NO             ,
                    SEXDSTN_CODE        ,
                    BRTHDY                ,
                    AREA_NO             ,
                    HOUSE_MIDDLE_TELNO    ,
                    HOUSE_END_TELNO       ,
                    FXNUM               ,
                    HOUSE_ADRES           ,
                    DETAIL_ADRES        ,
                    ZIP                 ,
                    OFFM_TELNO          ,
                    MBTLNUM         ,
                    EMAIL_ADRES         ,
                    GROUP_ID            ,
                    ORGNZT_ID           ,
                    PSTINST_CODE          ,
                    EMPLYR_STTUS_CODE   ,
                    ESNTL_ID             ,
                    CHANGE_DE           )
            SELECT 
                    EMPLYR_ID           ,
                    EMPL_NO             ,
                    SEXDSTN_CODE        ,
                    BRTHDY                ,
                    AREA_NO             ,
                    HOUSE_MIDDLE_TELNO    ,
                    HOUSE_END_TELNO       ,
                    FXNUM               ,
                    HOUSE_ADRES           ,
                    DETAIL_ADRES        ,
                    ZIP                 ,
                    OFFM_TELNO          ,
                    MBTLNUM         ,
                    EMAIL_ADRES         ,
                    GROUP_ID            ,
                    ORGNZT_ID           ,
                    PSTINST_CODE          ,
                    EMPLYR_STTUS_CODE   ,
                    ESNTL_ID             ,
                    now()
            FROM LETTNEMPLYRINFO
            WHERE ESNTL_ID = #{uniqId}
        
    </insert>
    
    <select id="checkIdDplct_S" resultType="int">
        
            SELECT COUNT(1) usedCnt
			FROM USERINFO
            WHERE USER_ID = #{checkId}
        
    </select>
    
    <update id="updatePassword_S">
        
            UPDATE USERINFO 
            SET 
                   PASSWORD   =  #{password},
                   LOCK_CNT   =  0
            WHERE  USER_ID=#{userId}
        
    </update>
    
    <select id="selectPassword_S" resultType="egovframework.let.uss.umt.service.UserManageVO">
        
            SELECT  
            		USER_ID          userId,
                    PASSWORD          password 
            FROM    USERINFO
            WHERE   USER_ID=#{userId}
        
    </select>
</mapper>