<?xml version="1.0" encoding="UTF-8"?>
<!DOCTYPE mapper PUBLIC "-//mybatis.org//DTD Mapper 3.0//EN" 
"http://mybatis.org/dtd/mybatis-3-mapper.dtd">
<mapper namespace="CmmnCodeManageDAO">


	<select id="selectCmmnCodeList" parameterType="egovframework.let.sym.ccm.cca.service.CmmnCodeVO" resultType="egovMap">
		
			SELECT  A.CODE_ID
			     ,  A.CODE_ID_NM
			     ,  A.USE_AT
			  FROM  COMTCCMMNCODE   A
			 WHERE  1=1
		
			<if test='searchCondition == "1" and searchKeyword !="" '>AND
				A.CODE_ID = #{searchKeyword}
			</if>
			<if test='searchCondition == "2"'>AND
				A.CODE_ID_NM LIKE CONCAT('%', #{searchKeyword}, '%')
			</if>
			<if test="searchCondition == &quot;clCode&quot;">AND
				A.USE_AT = 'Y'
			</if>
			 LIMIT  #{recordCountPerPage} OFFSET #{firstIndex}
	</select>

	<select id="selectCmmnCodeListTotCnt" parameterType="egovframework.let.sym.ccm.cca.service.CmmnCodeVO" resultType="int">
		
			SELECT  COUNT(*) totcnt 
			  FROM  COMTCCMMNCODE   A
			 WHERE  1=1
		
			<if test='searchCondition == "1" and searchKeyword !="" '>AND
				CODE_ID = #{searchKeyword}
			</if>
			<if test='searchCondition == "2"'>AND
				CODE_ID_NM LIKE CONCAT('%', #{searchKeyword}, '%')
			</if>
	</select>

	<select id="selectCmmnCodeDetail" parameterType="egovframework.let.sym.ccm.cca.service.CmmnCode" resultType="egovframework.let.sym.ccm.cca.service.CmmnCode">
		
            SELECT  A.CODE_ID    codeId
			     ,  A.CODE_ID_NM codeIdNm
                 ,  A.CODE_ID_DC codeIdDc
                 ,  A.USE_AT     useAt
			  FROM  COMTCCMMNCODE   A
			 WHERE  1=1
               AND  A.CODE_ID = #{codeId}
		
	</select>

	<insert id="insertCmmnCode">
		
		    INSERT 
		      INTO  COMTCCMMNCODE
		         (  CODE_ID
		         ,  CODE_ID_NM
		         ,  CODE_ID_DC
		         ,  USE_AT
		         ,  FRST_REGIST_DT
		         ,  FRST_REGISTER_ID
		         ,  LAST_UPDT_DT
		         ,  LAST_UPDUSR_ID
		         ) 
		    VALUES  
		         (  #{codeId}
		         ,  #{codeIdNm}
		         ,  #{codeIdDc}
		         ,  #{useAt}
		         ,  sysdate()
		         ,  #{frstRegisterId}
		         ,  sysdate()
		         ,  #{frstRegisterId}
		         ) 
		
	</insert>

	<update id="updateCmmnCode">
		
            UPDATE  COMTCCMMNCODE 
               SET  CODE_ID_NM        = #{codeIdNm}
                 ,  CODE_ID_DC        = #{codeIdDc}
                 ,  USE_AT            = #{useAt}
                 ,  LAST_UPDT_DT = sysdate()
                 ,  LAST_UPDUSR_ID    = #{lastUpdusrId}
             WHERE  CODE_ID           = #{codeId} 
		
	</update>

	<delete id="deleteCmmnCode">
		
            UPDATE  COMTCCMMNCODE 
               SET  USE_AT  = 'N'
             WHERE  CODE_ID = #{codeId} 
		
	</delete>


</mapper>