<?xml version="1.0" encoding="UTF-8"?>
<!DOCTYPE mapper PUBLIC "-//mybatis.org//DTD Mapper 3.0//EN" 
"http://mybatis.org/dtd/mybatis-3-mapper.dtd">
<mapper namespace="loginDAO">


	<!-- 로그인 처리를 위한 resultMap -->
	<resultMap id="login" type="egovframework.com.cmm.LoginVO">
		<result property="id" column="id"/>
		<result property="name" column="name"/>
		<result property="telNo" column="telNo"/>
		<result property="email" column="email"/>
		<result property="password" column="password"/>
		<result property="userSe" column="userSe"/>
		<result property="clCode" column="clCode"/>
		<result property="clCodeId" column="clCodeId"/>
		<result property="lockCnt" column="lockCnt"/>			
	</resultMap>
	
	 
	<resultMap id="lastLogDt" type="egovframework.com.cmm.LoginVO">
		<result property="lastLogDt" column="lastLogDt" />
	</resultMap>
	
	<!-- 일반 로그인 -->
	<select id="actionLogin" resultMap="login">
               SELECT USER_ID AS id
			      , PASSWORD AS password
			      , USER_NM AS name
			      , USER_SE AS userSe
			      , USER_TELNO AS telNo
			      , USER_EMAIL AS email
				  ,	CL_CODE AS clCode
				  ,	CL_CODE_ID AS clCodeId
				  ,	IFNULL(LOCK_CNT, 0) AS lockCnt
			FROM  USERINFO
			WHERE USER_ID = #{id}
			 <if test='password != "" '>
			 	AND PASSWORD = #{password}
			 </if>
			
	</select>
	
	<select id="searchLastLogDt" resultMap="lastLogDt">
			SELECT LAST_LOG_DT AS lastLogDt
			  FROM USERINFO
			 WHERE  USER_ID = #{id}
			
	</select>
	<insert id="logInsertLoginLog" parameterType="egovframework.let.uat.uia.service.LoginLog">
		
			INSERT INTO USERLOGINLOG 
				( LOG_ID
				  ,USER_MTHD
				  , USER_ID
				  , USER_IP
				  , CREAT_DT )
			VALUES ( #{logId}
				  , #{loginMthd}
				  , #{loginId}
				  , #{loginIp}
				  , sysdate()
				  )
		
	</insert>
	
	<update id="updateLastLogDt">
        
            UPDATE USERINFO 
            SET 
                   LAST_LOG_DT   =  sysdate()
            WHERE  USER_ID  = #{loginId}
        
    </update>
    
    <update id="updateLockCnt">
        
            UPDATE USERINFO 
            SET 
            	<choose>
					<when test="lockCnt != null and lockCnt != ''">
						LOCK_CNT   =  #{lockCnt}
					</when>
					<otherwise>
						LOCK_CNT   =  IFNULL(LOCK_CNT, 0)+1
					</otherwise>
				</choose>
            WHERE  USER_ID  = #{id}
        
    </update>
		
</mapper>