<?xml version="1.0" encoding="UTF-8"?>
<beans xmlns="http://www.springframework.org/schema/beans" xmlns:xsi="http://www.w3.org/2001/XMLSchema-instance"
	xsi:schemaLocation="http://www.springframework.org/schema/beans http://www.springframework.org/schema/beans/spring-beans.xsd">

	<bean id="schedulerSampleId" class="org.springframework.scheduling.quartz.MethodInvokingJobDetailFactoryBean">
		<property name="targetObject" ref="sampleScheduling" />
		<property name="targetMethod" value="schedulerSample" />
		<property name="concurrent" value="false" />
	</bean>

	<bean id="schdulerTrigger" class="org.springframework.scheduling.quartz.SimpleTriggerFactoryBean">
		<property name="jobDetail" ref="schedulerSampleId" />
		<!-- 24시간: 86400000, 12시간 : 43200000, 1시간 : 3600000, 10분: 600000, 1분 : 60000, 10초 : 10000 -->
		 <!-- 매 10분간마다 실행 -->
		<property name="repeatInterval" value="600000" />
	</bean>

	<bean id="scheduler" class="org.springframework.scheduling.quartz.SchedulerFactoryBean">
		<property name="triggers">
			<list>
				<!-- <ref bean="schdulerTrigger" /> -->
			</list>
		</property>
	</bean>

</beans>
