<?xml version="1.0" encoding="UTF-8"?>
<beans xmlns="http://www.springframework.org/schema/beans" xmlns:xsi="http://www.w3.org/2001/XMLSchema-instance"
	xmlns:security="http://www.springframework.org/schema/security"
	xmlns:egov-security="http://maven.egovframe.go.kr/schema/egov-security"
	xsi:schemaLocation="http://www.springframework.org/schema/beans http://www.springframework.org/schema/beans/spring-beans.xsd
        http://www.springframework.org/schema/security http://www.springframework.org/schema/security/spring-security.xsd
		http://maven.egovframe.go.kr/schema/egov-security http://maven.egovframe.go.kr/schema/egov-security/egov-security-4.1.0.xsd">

    <security:http pattern="/css/**" security="none"/>
	<security:http pattern="/html/**" security="none"/>
    <security:http pattern="/images/**" security="none"/>
 	<security:http pattern="/js/**" security="none"/>
 	<security:http pattern="/resource/**" security="none"/>
 	<security:http pattern="\A/WEB-INF/jsp/.*\Z" request-matcher="regex" security="none"/>

    <egov-security:config id="securityConfig"
        loginUrl="/uat/uia/actionSecurityLogin.do"
        logoutSuccessUrl="/uat/uia/kwLoginUsr.do"
        loginFailureUrl="/uat/uia/actionSecurityLogin.do?login_error=1"
        accessDeniedUrl="/uat/uia/accessDenied.do"

        dataSource="egov.dataSource"

        jdbcUsersByUsernameQuery=" SELECT USER_ID, PASSWORD, 1 ENABLED, USER_NM, USER_TELNO,
										USER_EMAIL, USER_SE,  CL_CODE, CL_CODE_ID
										FROM USERINFO WHERE USER_ID = ? "

        jdbcAuthoritiesByUsernameQuery=" SELECT USER_ID, CONCAT('ROLE_',USER_SE )  AUTHORITY
										FROM USERINFO WHERE USER_ID = ? "

        jdbcMapClass="egovframework.let.uat.uia.service.impl.KwSessionMapping"

        requestMatcherType="regex"

        hash="plaintext"
        hashBase64="false"

		concurrentMaxSessons="1"
		concurrentExpiredUrl="/uat/uia/actionMain.do"

		defaultTargetUrl="/uat/uia/actionMain.do"

    />

    <egov-security:secured-object-config id="securedObjectConfig"
       roleHierarchyString=" ROLE_ADMIN > ROLE_USER "

       sqlRolesAndUrl=" SELECT '' url, '' authority
       		FROM USERINFO WHERE USER_ID = 'url' "

       sqlRolesAndMethod=""

       sqlRolesAndPointcut=""

       sqlRegexMatchedRequestMapping=""

    />

	<egov-security:initializer id="initializer" supportMethod="false" supportPointcut="false" />

    <!-- URL에 세미콜론(semicolon)허용 여부(기본값/false) -->
	<bean id="egovStrictHttpFirewall" class="org.springframework.security.web.firewall.StrictHttpFirewall">
		<property name="allowSemicolon" value="true"/>
	</bean>
	<security:http-firewall ref="egovStrictHttpFirewall"/>

</beans>
