<?xml version="1.0" encoding="UTF-8"?>
<!DOCTYPE mapper PUBLIC "-//mybatis.org//DTD Mapper 3.0//EN" 
"http://mybatis.org/dtd/mybatis-3-mapper.dtd">
<mapper namespace="CmmUseDAO">


	<resultMap id="CmmCodeDetail" type="egovframework.com.cmm.service.CmmnDetailCode">
		<result property="codeId" column="CODE_ID"/>
		<result property="code" column="CODE"/>
		<result property="codeNm" column="CODE_NM"/>
		<result property="codeDc" column="CODE_DC"/>
	</resultMap>
	<resultMap id="CmmClCode" type="egovframework.com.cmm.service.CmmnDetailCode">
		<result property="codeId" column="CL_CODE"/>
		<result property="codeNm" column="CL_CODE_NM"/>
	</resultMap>
	<resultMap id="CmmClCodeDetail" type="egovframework.com.cmm.service.CmmnDetailCode">
		<result property="codeId" column="CL_CODE"/>
		<result property="code" column="CL_CODE_ID"/>
		<result property="codeNm" column="CL_CODE_ID_NM"/>
	</resultMap>

	<select id="selectCmmCodeDetail" parameterType="ComDefaultCodeVO" resultMap="CmmCodeDetail">
		 
			SELECT 
			B.CODE_ID, B.CODE, B.CODE_NM, B.CODE_DC
			FROM COMTCCMMNCODE A, COMTCCMMNDETAILCODE B
			WHERE A.CODE_ID = B.CODE_ID
			AND A.USE_AT = 'Y'
			AND B.USE_AT = 'Y'
			AND B.CODE_ID = #{codeId}
			ORDER BY cast(B.CODE_NO as unsigned), B.CODE_NM
		
	</select>

    <select id="selectCmmClCode" parameterType="ComDefaultCodeVO" resultMap="CmmClCode">
		 
			SELECT  CL_CODE
			     ,  CL_CODE_NM
			FROM  COMTCCMMNCLCODE
			WHERE  1 = 1
			AND USE_AT = 'Y'
			<if test="tableNm == 'ALL' ">
				AND CL_CODE != 'ALL'
			</if>
			<if test="codeId != null and codeId != '' and codeId !='ALL' ">
				AND CL_CODE = #{codeId}
			</if>
			ORDER BY cast(CL_CODE_NO as unsigned), CL_CODE_NM
		
	</select>
	
	 <select id="selectCmmClCodeDetail" parameterType="ComDefaultCodeVO" resultMap="CmmClCodeDetail">
		 
			SELECT  B.CL_CODE, 
					B.CL_CODE_ID,
					B.CL_CODE_ID_NM 
			FROM  COMTCCMMNCLCODE A, COMTCCMMNDETAILCLCODE B
			WHERE  1 = 1
			AND A.CL_CODE = B. CL_CODE
			AND A.USE_AT = 'Y'
			AND B.USE_AT = 'Y'
			AND A.CL_CODE = #{codeId}
			<if test="code != null and code != '' and codeId !='ALL' ">
				AND B.CL_CODE_ID = #{code}
			</if>
			ORDER BY cast(B.CL_CODE_ID_NO as unsigned), B.CL_CODE_ID_NM
		
	</select>

</mapper>