<?xml version="1.0" encoding="UTF-8"?>
<!DOCTYPE form-validation PUBLIC 
    "-//Apache Software Foundation//DTD Commons Validator Rules Configuration 1.1//EN" 
    "http://jakarta.apache.org/commons/dtds/validator_1_1.dtd">

<form-validation>

    <formset>

        <form name="schedule"> 
        
            <field property="clCode" depends="required">
                <arg0 key="작업구분" resource="false"/>
            </field>
            
             <field property="schdulSj" depends="required, maxlength">
                <arg0 key="제목" resource="false"/>
                <arg1 key="50" resource="false"/>
                <var>
                <var-name>maxlength</var-name>
                <var-value>50</var-value>
                </var>
            </field>
            
            <field property="schdulCn" depends="maxlength">
        		<arg0 key="설명" resource="false"/>
        		<arg1 key="2000" resource="false"/>
				<var>
				<var-name>maxlength</var-name>
				<var-value>2000</var-value>
				</var>
			</field> 
			
			 <field property="schdulBgnDt" depends="required">
                <arg0 key="시작일시" resource="false"/>
            </field>
            
            <field property="schdulEndDt" depends="required">
                <arg0 key="종료일시" resource="false"/>
            </field>
            
            <field property="schdulAdminNm" depends="required">
                <arg0 key="관리자" resource="false"/>
            </field>
            
            <field property="schdulAdminTelNo" depends="maxlength, number ">
                <arg0 key="관리자핸드폰번호" resource="false"/>
                <arg1 key="11" resource="false"/>
                <var>
                <var-name>maxlength</var-name>
                <var-value>11</var-value>
                </var>
            </field>
            
            <field property="schdulInterval" depends="integer, maxlength">
                <arg0 key="주기간격" resource="false"/>
                <arg1 key="4" resource="false"/>
                <var>
                <var-name>maxlength</var-name>
                <var-value>4</var-value>
                </var>
            </field>
            
            <field property="schdulChargerNm" depends="required">
                <arg0 key="담당자" resource="false"/>
            </field>
            
            <field property="schdulChargerTelNo" depends="maxlength, number">
                <arg0 key="담당자핸드폰번호" resource="false"/>
                <arg1 key="11" resource="false"/>
                <var>
                <var-name>maxlength</var-name>
                <var-value>11</var-value>
                </var>
            </field>
            
        </form>
        
    </formset>

</form-validation>