<?xml version="1.0" encoding="UTF-8"?>
<!DOCTYPE mapper PUBLIC "-//mybatis.org//DTD Mapper 3.0//EN" 
"http://mybatis.org/dtd/mybatis-3-mapper.dtd">
<mapper namespace="CmmnDetailClCodeManageDAO">


	<select id="selectCmmnDetailClCodeList" parameterType="egovframework.let.sym.ccm.ccde.service.CmmnDetailClCodeVO" resultType="egovMap">
		
			SELECT  A.CL_CODE
			     ,  A.CL_CODE_ID
			     ,  A.CL_CODE_ID_NM 
			     ,  A.USE_AT
			  FROM  COMTCCMMNDETAILCLCODE A
			     ,  COMTCCMMNCLCODE       B
			 WHERE 	B.USE_AT  = 'Y'
			   AND  A.CL_CODE = B.CL_CODE
		   	<if test='searchCondition == "1" and searchKeyword !="" '>AND
				A.CL_CODE       = #{searchKeyword}
			</if>
			<if test='searchCondition == "2" and searchKeyword !="" '>AND
				A.CL_CODE_ID    = #{searchKeyword}
			</if>
			<if test='searchCondition == "3"'>AND
				A.CL_CODE_ID_NM LIKE CONCAT('%', #{searchKeyword}, '%')
			</if>
			 LIMIT  #{recordCountPerPage} OFFSET #{firstIndex}
	</select>

	<select id="selectCmmnDetailClCodeListTotCnt" parameterType="egovframework.let.sym.ccm.ccde.service.CmmnDetailClCodeVO" resultType="int">
		
			SELECT  COUNT(*) totcnt 
			  FROM  COMTCCMMNDETAILCLCODE A
			     ,  COMTCCMMNCLCODE       B
			 WHERE 	B.USE_AT  = 'Y'
			   AND  A.CL_CODE = B.CL_CODE
			<if test='searchCondition == "1" and searchKeyword !="" '>AND
				A.CL_CODE       = #{searchKeyword}
			</if>
			<if test='searchCondition == "2" and searchKeyword !="" '>AND
				A.CL_CODE_ID    = #{searchKeyword}
			</if>
			<if test='searchCondition == "3"'>AND
				A.CL_CODE_ID_NM LIKE CONCAT('%', #{searchKeyword}, '%')
			</if>
	</select>

	<select id="selectCmmnDetailClCodeDetail" parameterType="egovframework.com.cmm.service.CmmnDetailClCode" resultType="egovframework.com.cmm.service.CmmnDetailClCode">
		
            SELECT  A.CL_CODE    	clCode
                 ,  B.CL_CODE_NM 	clCodeNm
                 ,  A.CL_CODE_ID     clCodeId
                 ,  A.CL_CODE_ID_NM  clCodeIdNm
                 ,  A.CL_CODE_ID_DC  clCodeIdDc
                 ,  A.USE_AT     	useAt
                 ,  A.CL_CODE_ID_NO  clCodeIdNo
              FROM  COMTCCMMNDETAILCLCODE A
                 ,  COMTCCMMNCLCODE       B
             WHERE  B.USE_AT  = 'Y'
               AND  A.CL_CODE = B.CL_CODE
			   AND  A.CL_CODE = #{clCode}
			   AND  A.CL_CODE_ID    = #{clCodeId}
		
	</select>

	<insert id="insertCmmnDetailClCode">
		
		    INSERT 
		      INTO  COMTCCMMNDETAILCLCODE
		         (  CL_CODE
		         ,  CL_CODE_ID
		         ,  CL_CODE_ID_NM
		         ,  CL_CODE_ID_DC
		         ,  USE_AT
		         ,  CL_CODE_ID_NO
		         ,  FRST_REGIST_DT
		         ,  FRST_REGISTER_ID
		         ,  LAST_UPDT_DT
		         ,  LAST_UPDUSR_ID
		         ) 
		    VALUES  
		         (  #{clCode}
		         ,  #{clCodeId}
		         ,  #{clCodeIdNm}
		         ,  #{clCodeIdDc}
		         ,  #{useAt}
		         ,  #{clCodeIdNo}
		         ,  sysdate()
		         ,  #{frstRegisterId}
		         ,  sysdate()
		         ,  #{frstRegisterId}
		         ) 
		
	</insert>

	<update id="updateCmmnDetailClCode">
		
            UPDATE  COMTCCMMNDETAILCLCODE 
               SET  CL_CODE_ID_NM      = #{clCodeIdNm}
                 ,  CL_CODE_ID_DC      = #{clCodeIdDc}
                 ,  USE_AT            = #{useAt}
                 ,  CL_CODE_ID_NO      = #{clCodeIdNo}
                 ,  LAST_UPDT_DT = sysdate()
                 ,  LAST_UPDUSR_ID    = #{lastUpdusrId}
             WHERE  CL_CODE   = #{clCode} 
               AND  CL_CODE_ID      = #{clCodeId}
		
	</update>

	<delete id="deleteCmmnDetailClCode">
		
            UPDATE  COMTCCMMNDETAILCLCODE 
               SET  USE_AT    = 'N'
             WHERE  CL_CODE   = #{clCode} 
               AND  CL_CODE_ID      = #{clCodeId}
		
	</delete>

</mapper>